num__feature_num1,num__feature_num2,cat__category_A,cat__category_B,cat__category_C,label
-1.2247448713915905,-0.4409743048083986,0.0,0.0,1.0,0
0.0,1.384169345648584,1.0,0.0,0.0,1
1.224744871391588,-0.9431950408401856,0.0,1.0,0.0,1
-9.934041734620674,-1.016690758308252,1.0,0.0,0.0,1
-5.851558829982042,-0.4409743048083986,0.0,1.0,0.0,0
